nmMunicipio;cdIBGEcomDigito;gentilico;populacao;area;densidadeDemografica;valorAdicionadoBrutoTotal
Abatiá;4100103;abatiense;7.764;228,72;34,0;127.953
Adrianópolis;4100202;adrianopolitano;6.376;1.349,33;4,7;87.597
Agudos do Sul;4100301;agudense-do-sul;8.270;192,26;43,0;132.180
Almirante Tamandaré;4100400;tamandareense;103.204;194,74;530,0;1.177.008
Altamira do Paraná;4100459;altamirense;4.306;386,95;11,1;54.702
Alto Paraíso;4128625;altoparaisense;3.206;967,77;3,3;61.427
Alto Paraná;4100608;alto-paranaense;13.663;407,72;33,5;267.339
Alto Piquiri;4100707;alto-piquirense;10.179;447,67;22,7;198.636
Altônia;4100509;altoniano;20.516;661,56;31,0;248.287
Alvorada do Sul;4100806;alvoradense-do-sul;10.283;424,25;24,2;163.203
Amaporã;4100905;amaporense;5.443;384,74;14,2;77.795
Ampére;4101002;amperense;17.308;298,35;58,0;414.461
Anahy;4101051;anaiense;2.874;102,65;28,0;60.915
Andirá;4101101;andiraense;20.610;236,08;87,3;529.950
Ângulo;4101150;angulense;2.859;106,02;27,0;63.394
Antonina;4101200;antoninense;18.891;882,32;21,4;311.205
Antônio Olinto;4101309;antoniolintense;7.351;469,62;15,7;151.851
Apucarana;4101408;apucaranense;120.919;558,39;216,6;2.652.125
Arapongas;4101507;araponguense;104.150;382,22;272,5;3.817.084
Arapoti;4101606;arapotiense;25.855;1.360,49;19,0;811.617
Arapuã;4101655;arapuãense;3.561;217,37;16,3;84.956
Araruna;4101705;ararunense;13.419;493,19;27,2;392.383
Araucária;4101804;araucariano;119.123;469,24;253,9;6.287.648
Ariranha do Ivaí;4101853;ariranhense do ivaí;2.453;239,56;10,2;70.813
Assaí;4101903;assaiense;16.354;440,35;37,1;355.279
Assis Chateaubriand;4102000;assis-chateaubriense;33.025;969,59;34,1;823.990
Astorga;4102109;astorgano;24.698;434,79;56,8;465.342
Atalaia;4102208;atalaiense;3.913;137,66;28,4;89.673
Balsa Nova;4102307;balsa-novense;11.300;348,93;32,4;589.510
Bandeirantes;4102406;bandeirantense;32.184;445,19;72,3;472.313
Barbosa Ferraz;4102505;barbosense;12.656;538,64;23,5;163.614
Barra do Jacaré;4102703;barrense;2.727;115,72;23,6;77.030
Barracão;4102604;barraconense;9.735;171,40;56,8;179.280
Bela Vista da Caroba;4102752;boaesperencense;3.945;148,11;26,6;55.194
Bela Vista do Paraíso;4102802;bela-vistense;15.079;242,69;62,1;288.127
Bituruna;4102901;biturenense;15.880;1.214,91;13,1;271.316
Boa Esperança;4103008;boa-esperansense;4.568;307,38;14,9;161.529
Boa Esperança do Iguaçu;4103024;boaesperencense;2.764;151,80;18,2;58.815
Boa Ventura de São Roque;4103040;boa venturense;6.554;622,18;10,5;156.538
Boa Vista da Aparecida;4103057;boa-vistense;7.911;256,30;30,9;98.990
Bocaiúva do Sul;4103107;bocaiuvense;10.987;826,34;13,3;165.714
Bom Jesus do Sul;4103156;bonjesuense;3.796;173,82;21,8;53.744
Bom Sucesso;4103206;bom-sucessense;6.561;322,76;20,3;91.785
Bom Sucesso do Sul;4103222;bomsucessense do sul;3.293;195,93;16,8;137.091
Borrazópolis;4103305;borrazopolitano;7.878;334,38;23,6;129.012
Braganey;4103354;braganense;5.735;343,32;16,7;148.863
Brasilândia do Sul;4103370;brasilandiense;3.209;291,04;11,0;122.072
Cafeara;4103404;cafearense;2.695;185,80;14,5;45.624
Cafelândia;4103453;cafelandense;14.662;271,72;54,0;900.183
Cafezal do Sul;4103479;cafezalense;4.290;335,39;12,8;63.625
Califórnia;4103503;californiano;8.069;141,82;56,9;106.670
Cambará;4103602;cambaraense;23.886;366,17;65,2;534.778
Cambé;4103701;cambeense;96.733;495,38;195,5;2.808.251
Cambira;4103800;cambirense;7.236;163,39;44,3;168.805
Campina da Lagoa;4103909;campinense-da-lagoa;15.394;796,61;19,3;331.232
Campina do Simão;4103958;campineiro do simão;4.076;448,42;9,1;83.865
Campina Grande do Sul;4104006;campinense-do-sul;38.769;539,25;71,9;883.511
Campo Bonito;4104055;campo-bonitense;4.407;433,83;10,2;121.877
Campo do Tenente;4104105;tenentiano;7.125;304,49;23,4;147.509
Campo Largo;4104204;campo-larguense;112.377;1.243,55;89,9;3.223.292
Campo Magro;4104253;campomagrense;24.843;275,35;90,2;269.019
Campo Mourão;4104303;campo-mourense;87.194;757,88;115,1;2.523.150
Cândido de Abreu;4104402;cândido-abreuense;16.655;1.510,16;11,0;258.651
Candói;4104428;candoianos;14.983;1.512,79;9,9;368.859
Cantagalo;4104451;cantagalense;12.952;583,54;22,2;169.162
Capanema;4104501;capanemense;18.526;419,04;44,3;464.611
Capitão Leônidas Marques;4104600;leônidas-marquesiense;14.970;275,75;54,3;832.476
Carambeí;4104659;carambiense;19.163;649,68;29,5;1.153.441
Carlópolis;4104709;carlopolitano;13.706;451,42;30,4;222.563
Cascavel;4104808;cascavelense;286.205;2.100,83;136,2;8.108.663
Castro;4104907;castrense;67.084;2.531,50;26,5;2.044.431
Catanduvas;4105003;catanduvense;10.202;581,76;17,5;199.663
Centenário do Sul;4105102;centenariense;11.190;371,83;30,1;131.696
Cerro Azul;4105201;cerro-azulense;16.938;1.341,19;12,6;209.708
Céu Azul;4105300;céu-azulense;11.032;1.179,45;9,4;453.717
Chopinzinho;4105409;chopinzinhense;19.679;959,69;20,5;473.472
Cianorte;4105508;cianortense;69.958;811,67;86,2;2.036.077
Cidade Gaúcha;4105607;cidade-gauchense;11.062;403,05;27,5;295.847
Clevelândia;4105706;clevelandense;17.240;703,64;24,5;353.725
Colombo;4105805;colombense;212.967;197,79;1.076,7;3.851.902
Colorado;4105904;colorados;22.345;403,26;55,4;556.617
Congonhinhas;4106001;congonhinhense;8.279;535,96;15,5;117.785
Conselheiro Mairinck;4106100;mairinquense;3.636;204,71;17,8;71.213
Contenda;4106209;contendense;15.891;299,04;53,1;224.805
Corbélia;4106308;corbeliano;16.312;529,38;30,8;474.139
Cornélio Procópio;4106407;procopense;46.928;635,10;73,9;1.173.865
Coronel Domingos Soares;4106456;dominguense;7.238;1.576,22;4,6;155.877
Coronel Vivida;4106506;coronel-vividense;21.749;684,42;31,8;515.969
Corumbataí do Sul;4106555;corumbataiense;4.002;164,34;24,4;49.563
Cruz Machado;4106803;cruz-machadense;18.040;1.478,35;12,2;314.932
Cruzeiro do Iguaçu;4106571;cruzeirense;4.278;161,86;26,4;83.609
Cruzeiro do Oeste;4106605;cruzeirense;20.416;779,22;26,2;551.446
Cruzeiro do Sul;4106704;cruzeirense-do-sul;4.563;259,10;17,6;133.878
Cruzmaltina;4106852;cruzmaltinense;3.162;312,30;10,1;78.742
Curitiba;4106902;curitibano;1.751.907;435,04;4.027,0;63.834.941
Curiúva;4107009;curiuvense;13.923;576,26;24,2;171.012
Diamante do Norte;4107108;diamantense;5.516;242,89;22,7;196.952
Diamante do Sul;4107124;diamantense;3.510;359,95;9,8;40.010
Diamante d`Oeste;4107157;sul-diamantino;5.027;309,11;16,3;85.177
Dois Vizinhos;4107207;dois-vizinhense;36.179;418,65;86,4;1.216.691
Douradina;4107256;douradinense;7.445;419,85;17,7;267.099
Doutor Camargo;4107306;camarguense;5.828;118,28;49,3;109.478
Doutor Ulysses;4128633;ulyssense;5.727;781,45;7,3;60.007
Enéas Marques;4107405;enéas-marquense;6.103;192,20;31,8;164.077
Engenheiro Beltrão;4107504;engenheiro-beltrense;13.906;467,47;29,8;301.580
Entre Rios do Oeste;4107538;entreriense;3.926;122,07;32,2;171.341
Esperança Nova;4107520;esperançanovense;1.970;138,56;14,2;29.059
Espigão Alto do Iguaçu;4107546;espigãoense;4.677;326,44;14,3;85.108
Farol;4107553;farolense;3.472;289,23;12,0;111.764
Faxinal;4107603;faxinalense;16.314;715,94;22,8;305.517
Fazenda Rio Grande;4107652;fazendense;81.675;116,68;700,0;1.396.965
Fênix;4107702;fenexense;4.802;234,10;20,5;103.503
Fernandes Pinheiro;4107736;fernandespinheirense;5.932;406,50;14,6;127.279
Figueira;4107751;figueirense;8.293;129,77;63,9;113.784
Flor da Serra do Sul;4107850;sulflorense;4.726;238,91;19,8;90.893
Floraí;4107801;floraiense;5.050;191,13;26,4;137.364
Floresta;4107900;florestense;5.931;158,23;37,5;122.737
Florestópolis;4108007;florestopolitano;11.222;246,33;45,6;191.586
Flórida;4108106;floridense;2.543;83,05;30,6;39.974
Formosa do Oeste;4108205;formosense-do-oeste;7.541;275,71;27,4;189.574
Foz do Iguaçu;4108304;iguaçuense;256.088;618,35;414,6;8.194.825
Foz do Jordão;4108452;foz jordanense;5.420;235,38;23,0;77.020
Francisco Alves;4108320;alvense;6.418;321,90;19,9;117.171
Francisco Beltrão;4108403;beltronense;78.943;735,11;107,4;2.171.450
General Carneiro;4108502;carneirense;13.669;1.071,18;12,8;258.080
Godoy Moreira;4108551;godoense;3.337;131,01;25,5;39.003
Goioerê;4108601;goio-erense;29.018;564,16;51,4;576.543
Goioxim;4108650;goioxinhense;7.503;702,47;10,7;135.108
Grandes Rios;4108700;grande-riense;6.625;314,20;21,1;84.784
Guaíra;4108809;guairense;30.704;560,49;54,8;670.421
Guairaçá;4108908;guairaçaense;6.197;493,94;12,6;156.408
Guamiranga;4108957;guamiranguense;7.900;244,80;32,3;175.947
Guapirama;4109005;guapiramense;3.891;189,10;20,6;83.772
Guaporema;4109104;guaporemense;2.219;201,15;11,1;47.116
Guaraci;4109203;guaraciense;5.227;211,68;24,7;84.193
Guaraniaçu;4109302;guaraniaçuano;14.582;1.225,61;11,9;264.522
Guarapuava;4109401;guarapuavano;167.328;3.178,65;53,7;4.052.860
Guaraqueçaba;4109500;guaraqueçabano;7.871;2.020,09;3,9;67.561
Guaratuba;4109609;guaratubense;32.095;1.326,79;24,2;482.869
Honório Serpa;4109658;honório serpense;5.955;502,24;11,9;151.230
Ibaiti;4109708;ibaitiense;28.751;897,74;32,0;435.015
Ibema;4109757;ibemense;6.066;145,45;41,7;129.413
Ibiporã;4109807;ibiporanense;48.198;297,74;161,9;1.914.317
Icaraíma;4109906;icaraimense;8.839;675,24;13,1;168.201
Iguaraçu;4110003;iguaraçuense;3.982;164,98;24,1;102.288
Iguatu;4110052;iguatuense;2.234;106,94;20,9;59.302
Imbaú;4110078;imbauense;11.274;330,70;34,1;123.427
Imbituva;4110102;imbituvense;28.455;756,54;37,6;635.176
Inácio Martins;4110201;inácio-martinense;10.943;936,21;11,7;125.266
Inajá;4110300;inajaense;2.988;194,70;15,4;40.909
Indianópolis;4110409;indianopolitano;4.299;122,62;35,1;341.899
Ipiranga;4110508;ipiranguense;14.150;927,09;15,3;365.138
Iporã;4110607;iporãnense;14.981;647,89;23,1;280.297
Iracema do Oeste;4110656;iracemense;2.578;81,54;31,6;59.887
Irati;4110706;iratiense;56.207;999,52;56,2;1.256.964
Iretama;4110805;iretamense;10.622;570,46;18,6;183.141
Itaguajé;4110904;itaguajeense;4.568;190,37;24,0;60.587
Itaipulândia;4110953;itaipulandiense;9.026;331,29;27,3;278.588
Itambaracá;4111001;itambaracaense;6.759;207,34;32,6;94.450
Itambé;4111100;itambenense;5.979;243,82;24,5;133.784
Itapejara d`Oeste;4111209;itapejarense;10.531;254,01;41,5;313.990
Itaperuçu;4111258;itaperuçuense;23.887;320,58;76,0;411.011
Itaúna do Sul;4111308;itaunense;3.583;128,87;27,8;54.364
Ivaí;4111407;ivaiense;12.815;607,85;21,1;209.253
Ivaiporã;4111506;ivaiporãnense;31.816;431,50;73,7;526.308
Ivaté;4111555;ivateense;7.514;410,91;18,3;163.507
Ivatuba;4111605;ivatubense;3.010;96,66;31,1;69.123
Jaboti;4111704;jabotiense;4.902;139,28;35,2;65.384
Jacarezinho;4111803;jacarezinhense;39.121;602,53;64,9;813.635
Jaguapitã;4111902;jaguapitãense;12.225;475,00;25,7;628.383
Jaguariaíva;4112009;jaguariaivense;32.606;1.453,07;22,4;1.095.631
Jandaia do Sul;4112108;jandaiense-do-sul;20.269;187,60;108,0;548.005
Janiópolis;4112207;janiopolitano;6.532;335,65;19,5;125.876
Japira;4112306;japirense;4.903;188,29;26,0;69.016
Japurá;4112405;japuraense;8.549;165,19;51,8;154.581
Jardim Alegre;4112504;jardim-alegrense;12.324;410,48;30,4;177.890
Jardim Olinda;4112603;jardinolindense;1.409;128,52;11,0;27.150
Jataizinho;4112702;jatainhense;11.875;159,18;74,6;184.422
Jesuítas;4112751;jesuitense;9.001;247,50;36,4;240.530
Joaquim Távora;4112801;tavorense;10.736;289,17;37,1;425.582
Jundiaí do Sul;4112900;jundiaiense-do-sul;3.433;320,82;10,7;60.292
Juranda;4112959;jurandense;7.641;349,72;21,9;236.808
Jussara;4113007;jussarense;6.610;210,87;31,4;157.714
Kaloré;4113106;kaloreense;4.506;193,30;23,3;79.817
Lapa;4113205;lapeano;44.932;2.093,86;21,5;1.183.659
Laranjal;4113254;laranjaense;6.360;559,44;11,4;65.241
Laranjeiras do Sul;4113304;laranjeirense-do-sul;30.777;672,08;45,8;521.192
Leópolis;4113403;leopolense;4.145;344,92;12,0;79.988
Lidianópolis;4113429;lidianopolitano;3.973;154,36;25,0;48.745
Lindoeste;4113452;lindo-estense;5.361;361,37;14,8;148.730
Loanda;4113502;loandense;21.201;722,50;29,3;426.823
Lobato;4113601;lobatense;4.401;240,90;18,3;133.491
Londrina;4113700;londrinense;506.701;1.652,57;306,5;14.042.228
Luiziana;4113734;luizianense;7.315;908,60;8,1;240.274
Lunardelli;4113759;lunardelliense;5.160;199,21;25,9;54.988
Lupionópolis;4113809;lupionopolense;4.592;121,07;37,9;65.071
Mallet;4113908;malletense;12.973;723,02;17,9;647.633
Mamborê;4114005;mamborense;13.961;788,06;17,7;412.222
Mandaguaçu;4114104;mandaguaçuense;19.781;294,02;67,3;360.854
Mandaguari;4114203;mandaguariense;32.658;335,81;97,3;1.029.364
Mandirituba;4114302;mandiritubano;22.220;379,18;58,6;520.914
Manfrinópolis;4114351;manfrinopolitano;3.127;216,42;14,5;44.301
Mangueirinha;4114401;mangueirinhense;17.048;1.055,46;16,2;864.279
Manoel Ribas;4114500;manoel-ribense;13.169;571,14;23,1;269.632
Marechal Cândido Rondon;4114609;rondonense;46.819;748,00;62,6;1.623.922
Maria Helena;4114708;maria-helenense;5.956;486,22;12,3;65.044
Marialva;4114807;marialvense;31.959;475,56;67,2;961.271
Marilândia do Sul;4114906;marilandense;8.863;384,42;23,1;205.776
Marilena;4115002;marilenense;6.858;232,36;29,5;90.659
Mariluz;4115101;mariluzense;10.224;433,17;23,6;158.353
Maringá;4115200;maringaense;357.077;487,05;733,1;12.175.255
Mariópolis;4115309;mariopolitano;6.268;230,37;27,2;184.769
Maripá;4115358;maripaense;5.684;283,79;20,0;262.849
Marmeleiro;4115408;marmeleirense;13.900;387,38;35,9;285.281
Marquinho;4115457;marquinhense;4.981;511,15;9,7;60.059
Marumbi;4115507;marumbiense;4.603;208,47;22,1;57.908
Matelândia;4115606;matelandiense;16.078;639,75;25,1;624.909
Matinhos;4115705;matinhense;29.428;117,74;249,9;519.455
Mato Rico;4115739;mato-riquense;3.818;394,53;9,7;61.646
Mauá da Serra;4115754;mauaense da serra;8.555;108,32;79,0;225.756
Medianeira;4115804;medianeirense;41.817;328,73;127,2;1.319.499
Mercedes;4115853;mercedense;5.046;200,86;25,1;141.905
Mirador;4115903;miradorense;2.327;221,71;10,5;62.468
Miraselva;4116000;miraselvano;1.862;90,29;20,6;29.984
Missal;4116059;missalense;10.474;324,40;32,3;267.104
Moreira Sales;4116109;moreira-salense;12.606;353,77;35,6;194.917
Morretes;4116208;morretense;15.718;684,58;23,0;208.149
Munhoz de Melo;4116307;munhozense;3.672;137,02;26,8;67.711
Nossa Senhora das Graças;4116406;gracense;3.836;185,77;20,7;57.275
Nova Aliança do Ivaí;4116505;ivaiense;1.431;131,27;10,9;32.623
Nova América da Colina;4116604;nova-americanense;3.478;129,48;26,9;56.624
Nova Aurora;4116703;nova-aurorense;11.866;474,01;25,0;376.171
Nova Cantu;4116802;nova-cantuense;7.425;555,49;13,4;149.947
Nova Esperança;4116901;nova-esperancense;26.615;401,59;66,3;519.217
Nova Esperança do Sudoeste;4116950;novaesperancense;5.098;208,47;24,5;81.119
Nova Fátima;4117008;fatimense;8.147;283,42;28,8;122.202
Nova Laranjeiras;4117057;nova laranjeirense;11.241;1.210,21;9,8;144.778
Nova Londrina;4117107;nova-londrinense;13.067;269,39;48,5;240.547
Nova Olímpia;4117206;olimpiense;5.503;136,35;40,4;59.912
Nova Prata do Iguaçu;4117255;pratense;10.377;352,57;29,4;236.695
Nova Santa Bárbara;4117214;bárbaraense;3.908;71,76;54,5;51.889
Nova Santa Rosa;4117222;nova-santa-rosense;7.626;204,67;37,3;252.705
Nova Tebas;4117271;nova-tebense;7.398;545,69;13,6;96.203
Novo Itacolomi;4117297;itacolomiense;2.827;161,41;17,5;49.4;14
Ortigueira;4117305;ortigueirense;23.380;2.429,56;9,6;551.033
Ourizona;4117404;ourizonense;3.380;176,46;19,2;79.422
Ouro Verde do Oeste;4117453;ouro-verdense;5.692;293,04;19,4;136.609
Paiçandu;4117503;paiçanduense;35.936;171,38;209,7;454.488
Palmas;4117602;palmense;42.888;1.557,90;27,5;789.348
Palmeira;4117701;palmeirense;32.123;1.470,07;22,0;947.027
Palmital;4117800;palmitalense;14.865;817,65;18,2;190.832
Palotina;4117909;palotinense;28.683;651,24;44,0;1.443.608
Paraíso do Norte;4118006;paraisense-do-norte;11.772;204,56;57,6;197.742
Paranacity;4118105;paranacitense;10.250;348,63;29,4;233.271
Paranaguá;4118204;parnanguara;140.469;826,67;169,9;5.349.842
Paranapoema;4118303;paranapoemense;2.791;175,88;15,9;50.197
Paranavaí;4118402;paranavaiense;81.590;1.202,27;67,9;1.818.249
Pato Bragado;4118451;pato bragadense;4.822;135,29;35,6;120.032
Pato Branco;4118501;pato-branquense;72.370;539,09;134,3;2.468.718
Paula Freitas;4118600;paula-freitense;5.434;421,41;12,9;218.738
Paulo Frontin;4118709;frontinense;6.913;369,86;18,7;227.036
Peabiru;4118808;peabiruense;13.624;468,60;29,1;228.205
Perobal;4118857;perobalense;5.653;407,58;13,9;117.156
Pérola;4118907;perolense;10.208;240,64;42,4;506.770
Pérola d`Oeste;4119004;pérola-oestense;6.761;205,28;32,8;121.501
Piên;4119103;pienense;11.236;254,79;44,1;576.907
Pinhais;4119152;pinhaense;117.008;60,87;1.922,4;4.269.234
Pinhal de São Bento;4119251;pinhalense;2.625;97,46;26,9;38.373
Pinhalão;4119202;pinhalense ou pinhalãoense;6.215;220,63;28,2;108.938
Pinhão;4119301;pinhãoense;30.208;2.001,59;15,1;862.313
Piraí do Sul;4119400;piraiense;23.424;1.403,07;16,7;682.939
Piraquara;4119509;piraquarense;93.207;227,04;410,5;954.626
Pitanga;4119608;pitanguense;32.638;1.663,75;19,6;634.632
Pitangueiras;4119657;pitangueirense;2.814;123,23;22,8;54.666
Planaltina do Paraná;4119707;planaltinense;4.095;356,19;11,5;86.486
Planalto;4119806;planaltense;13.654;346,24;39,5;232.291
Ponta Grossa;4119905;ponta-grossense;311.611;2.054,73;150,7;10.121.205
Pontal do Paraná;4119954;pontalense;20.920;199,85;104,7;337.261
Porecatu;4120002;porecatuense;14.189;291,66;48,7;420.668
Porto Amazonas;4120101;porto-amazonense;4.514;186,58;24,2;82.439
Porto Barreiro;4120150;porto barreirense;3.663;361,02;10,2;74.891
Porto Rico;4120200;porto-riquense;2.530;217,68;11,6;42.153
Porto Vitória;4120309;porto-vitoriense;4.020;213,01;18,9;57.477
Prado Ferreira;4120333;prado ferreirense;3.434;153,40;22,4;84.766
Pranchita;4120358;pranchitano;5.628;226,14;24,9;143.274
Presidente Castelo Branco;4120408;castelo-branquense;4.784;155,73;30,7;90.358
Primeiro de Maio;4120507;primaiense;10.832;414,44;26,1;200.542
Prudentópolis;4120606;prudentopolitano;48.792;2.236,58;21,1;801.921
Quarto Centenário;4120655;quarto centenariense;4.856;321,88;15,1;161.761
Quatiguá;4120705;quatiguaense;7.045;112,69;62,5;169.682
Quatro Barras;4120804;quatro-barrense;19.851;180,47;110,0;910.645
Quatro Pontes;4120853;quatro pontense;3.803;114,39;33,3;141.313
Quedas do Iguaçu;4120903;quedas-iguaçuense-;30.605;821,50;37,3;997.465
Querência do Norte;4121000;querenciano;11.729;914,76;12,8;161.215
Quinta do Sol;4121109;quinta-solense;5.088;326,18;15,6;126.590
Quitandinha;4121208;quitandinhense;17.089;447,02;38,2;253.590
Ramilândia;4121257;ramilandiense;4.134;237,20;17,4;68.834
Rancho Alegre;4121307;alegrense;3.955;167,65;23,6;69.328
Rancho Alegre d`Oeste;4121356;rancho alegrense;2.847;241,39;11,8;112.622
Realeza;4121406;realezense;16.338;353,42;46,2;404.837
Rebouças;4121505;reboucense;14.176;481,84;29,4;279.998
Renascença;4121604;renascenseano;6.812;425,27;16,0;192.730
Reserva;4121703;reservense;25.172;1.635,52;15,4;416.369
Reserva do Iguaçu;4121752;reservense do iguçú;7.307;834,23;8,8;116.457
Ribeirão Claro;4121802;ribeirão-clarense;10.678;629,22;17,0;322.468
Ribeirão do Pinhal;4121901;ribeiro-pinhalense;13.524;374,73;36,1;146.440
Rio Azul;4122008;rio-azulense;14.093;629,75;22,4;395.718
Rio Bom;4122107;rio-bonense;3.334;177,84;18,8;55.102
Rio Bonito do Iguaçu;4122156;rio bonitense;13.661;681,41;18,3;203.777
Rio Branco do Ivaí;4122172;riobranquense;3.898;382,33;10,2;73.266
Rio Branco do Sul;4122206;rio-branquense;30.650;812,29;37,7;1.124.101
Rio Negro;4122305;rio-negrense;31.274;604,14;51,8;871.678
Rolândia;4122404;rolandense;57.862;459,02;126,1;2.114.871
Roncador;4122503;roncadorense;11.537;742,12;15,6;288.092
Rondon;4122602;rondonense;8.996;555,13;16,2;259.938
Rosário do Ivaí;4122651;rosariense;5.588;371,25;15,1;71.123
Sabáudia;4122701;sabaudiense;6.096;190,33;32,0;331.359
Salgado Filho;4122800;salgadense;4.403;189,32;23,3;82.719
Salto do Itararé;4122909;saltense-do-itararé;5.178;200,52;25,8;63.482
Salto do Lontra;4123006;salto-lontrense;13.689;312,72;43,8;269.434
Santa Amélia;4123105;ameliense;3.803;78,05;48,7;47.366
Santa Cecília do Pavão;4123204;pavonense;3.646;110,20;33,1;70.695
Santa Cruz de Monte Castelo;4123303;monte-castelense;8.092;442,01;18,3;179.482
Santa Fé;4123402;santa-feense;10.432;276,24;37,8;200.937
Santa Helena;4123501;santa-helenense;23.413;758,23;30,9;649.571
Santa Inês;4123600;santa-ineense;1.818;138,48;13,1;32.028
Santa Isabel do Ivaí;4123709;santa-isabelense;8.760;349,50;25,1;130.487
Santa Izabel do Oeste;4123808;santa-izabelense;13.132;321,18;40,9;230.063
Santa Lúcia;4123824;santaluciense;3.925;116,86;33,6;90.341
Santa Maria do Oeste;4123857;santa-mariense;11.500;847,14;13,6;148.270
Santa Mariana;4123907;santa-marianense;12.435;427,19;29,1;212.656
Santa Mônica;4123956;moniquense;3.571;259,96;13,7;66.623
Santa Tereza do Oeste;4124020;santa-terezense;10.332;326,19;31,7;311.676
Santa Terezinha de Itaipu;4124053;itaipuense;20.841;259,39;80,4;412.572
Santana do Itararé;4124004;santanense;5.249;251,27;20,9;70.781
Santo Antônio da Platina;4124103;platinense;42.707;721,47;59,2;768.998
Santo Antônio do Caiuá;4124202;santo-antoniense;2.727;219,07;12,5;35.677
Santo Antônio do Paraíso;4124301;santo-antoniense;2.408;165,90;14,5;47.907
Santo Antônio do Sudoeste;4124400;santo-antoniense;18.893;325,65;58,0;373.130
Santo Inácio;4124509;santo-inaciense;5.269;306,87;17,2;200.030
São Carlos do Ivaí;4124608;são-carlense;6.354;225,08;28,2;216.098
São Jerônimo da Serra;4124707;jeronimense;11.337;823,77;13,8;139.614
São João;4124806;são-joanense;10.599;388,06;27,3;474.528
São João do Caiuá;4124905;caiuense;5.911;304,41;19,4;84.160
São João do Ivaí;4125001;são-joanense;11.525;353,33;32,6;194.590
São João do Triunfo;4125100;triunfense;13.704;720,41;19,0;385.326
São Jorge do Ivaí;4125308;são-jorgense;5.517;315,09;17,5;197.532
São Jorge do Patrocínio;4125357;patrocinense;6.041;404,69;14,9;101.794
São Jorge d`Oeste;4125209;são-jorgense ou jorgense;9.085;379,55;23,9;189.825
São José da Boa Vista;4125407;boa-vistense;6.511;399,67;16,3;98.931
São José das Palmeiras;4125456;são-joseliense;3.830;182,42;21,0;59.259
São José dos Pinhais;4125506;são-joseense;264.210;946,44;279,2;17.103.920
São Manoel do Paraná;4125555;são manoelense;2.098;95,38;22,0;45.812
São Mateus do Sul;4125605;são-mateuense;41.257;1.341,71;30,8;1.070.102
São Miguel do Iguaçu;4125704;são-miguelense;25.769;851,92;30,3;842.775
São Pedro do Iguaçu;4125753;São pedrense;6.491;308,32;21,1;138.665
São Pedro do Ivaí;4125803;ivaiense;10.167;322,69;31,5;258.300
São Pedro do Paraná;4125902;são-pedrense;2.491;250,65;9,9;55.234
São Sebastião da Amoreira;4126009;amoreirense;8.626;227,98;37,8;138.336
São Tomé;4126108;são-tomeense;5.349;218,62;24,5;141.041
Sapopema;4126207;sapopemense;6.736;677,61;9,9;90.351
Sarandi;4126256;sarandiense;82.847;103,46;800,7;1.085.492
Saudade do Iguaçu;4126272;saudadense;5.028;152,09;33,1;556.196
Sengés;4126306;sengeano;18.414;1.437,37;12,8;426.945
Serranópolis do Iguaçu;4126355;serranopolitano;4.568;482,39;9,4;177.668
Sertaneja;4126405;sertanejano;5.817;444,49;13,1;185.188
Sertanópolis;4126504;sertanopolense;15.638;505,53;30,9;504.173
Siqueira Campos;4126603;siqueirense;18.454;278,04;66,4;358.347
Sulina;4126652;sulinense;3.394;170,76;19,9;68.261
Tamarana;4126678;tamaraense;12.262;472,16;26,0;216.644
Tamboara;4126702;tamboarense;4.664;193,35;24,1;89.699
Tapejara;4126801;tapejarense;14.598;591,40;24,7;360.805
Tapira;4126900;tapirense;5.836;434,37;13,4;92.628
Teixeira Soares;4127007;teixeira-soarense;10.283;902,79;11,4;244.040
Telêmaco Borba;4127106;telêmaco-borbense;69.872;1.382,86;50,5;2.404.455
Terra Boa;4127205;terra-bonense;15.776;320,85;49,2;343.488
Terra Rica;4127304;terra-riquense;15.221;700,60;21,7;260.356
Terra Roxa;4127403;terra-roxense;16.759;800,81;20,9;491.466
Tibagi;4127502;tibagiense;19.344;2.951,57;6,6;639.300
Tijucas do Sul;4127601;tijucano-do-sul;14.537;671,89;21,6;349.996
Toledo;4127700;toledano;119.313;1.197,00;99,7;4.076.075
Tomazina;4127809;tomazinense;8.791;591,44;14,9;126.087
Três Barras do Paraná;4127858;tribarrense;11.824;504,17;23,5;245.354
Tunas do Paraná;4127882;tunense;6.256;668,48;9,4;104.352
Tuneiras do Oeste;4127908;tuneirense;8.695;698,87;12,4;151.402
Tupãssi;4127957;tupãciense;7.997;310,91;25,7;250.380
Turvo;4127965;turvense;13.811;926,77;15,1;288.005
Ubiratã;4128005;ubiratãense;21.558;652,58;33,0;679.060
Umuarama;4128104;umuaramense;100.676;1.232,77;81,7;2.448.883
União da Vitória;4128203;união-vitoriense;52.735;720,00;73,2;1.160.680
Uniflor;4128302;uniflorense;2.466;94,82;26,0;46.909
Uraí;4128401;uraiense;11.472;237,81;48,2;169.327
Ventania;4128534;ventaniense;9.957;759,37;13,1;161.292
Vera Cruz do Oeste;4128559;vera-cruzense;8.973;327,09;27,4;178.360
Verê;4128609;vereense;7.878;311,80;25,3;184.587
Virmond;4128658;virmondense;3.950;243,17;16,2;93.297
Vitorino;4128708;vitorinense;6.513;308,22;21,1;284.281
Wenceslau Braz;4128500;brazense;19.298;397,92;48,5;303.794
Xambrê;4128807;xambrense;6.012;359,71;16,7;64.648;
